reference	name	count
Logger	Printf	35
Logger	Println	30
a	scanBytes	12
association	setErr	11
atomic	StoreUint32	6
b	string	9
b	int16	7
b	next	7
b	byte	5
b	WriteByte	5
b	Bytes	4
b	WriteString	4
b	int32	3
b	checkSuccess	3
best	RUnlock	3
bp	rollOver	5
bp	handleResponse	4
broker	ID	5
bson	Unmarshal	3
buf	WriteString	15
buf	WriteRune	6
buf	WriteByte	4
buf	String	3
buffer	AppendByte	4
bufio	NewReader	3
bufio	NewWriter	3
bytes	Equal	12
bytes	HasPrefix	4
c	process	220
c	Render	16
c	handleProtocolError	9
c	fatal	7
c	Process	7
c	zAdd	6
c	Close	6
c	writeBytes	5
c	cancel	5
c	Next	5
c	MustBindWith	5
c	print	5
c	releaseConn	4
c	writeString	4
c	Unlock	4
c	writeFatal	4
c	bitOp	4
c	ShouldBindWith	4
c	Lock	4
c	shutdown	3
c	checkMovedErr	3
c	JSON	3
c	printValue	3
c	AbortWithStatus	3
c	WriteControl	3
c	zIncr	3
c	Set	3
c	reset	3
c	writeLen	3
cb	method	3
ce	Write	8
ch	Reject	6
ch	sendMessage	5
chaincodeLogger	Errorf	48
chaincodeLogger	Debugf	43
chaincodeLogger	Warningf	6
child	cancel	3
ci	setBad	5
ci	Lock	4
ci	Unlock	4
ci	setError	3
client	Closed	15
client	deregisterBroker	3
cloned	Close	5
cluster	Unlock	12
cluster	Lock	9
cluster	RUnlock	6
cluster	RLock	5
cluster	syncServers	4
cluster	removeServer	3
cluster	addServer	3
cmd	setErr	23
cmd	Err	9
cmd	setReadTimeout	6
cmd	Val	6
cn	send	9
cn	errRecover	8
cn	processReadyForQuery	7
cn	readReadyForQuery	6
cn	checkIsInTransaction	5
cn	isInTransaction	4
cn	postExecuteWorkaround	3
cn	readParseResponse	3
cn	readBindResponse	3
conn	Close	5
context	Background	5
curve	Params	3
d	unmarshal	13
d	Kind	5
d	IsNil	4
d	terror	4
d	SetUint	3
d	SetInt	3
d	Set	3
d	merge	3
dataValue	Interface	5
dataValue	Kind	4
db	NewScope	3
dec	UseNumber	3
driver	RowsAffected	3
dv	Kind	3
e	marshal	12
e	must	11
e	emit	9
e	emitScalar	6
e	nilv	4
e	mappingv	3
elemType	Kind	4
enc	Encode	4
entry	log	7
entry	Warn	5
entry	Info	5
entry	Debug	3
entry	Panic	3
entry	Warnf	3
entry	Fatal	3
entry	Warnln	3
entry	Trace	3
entry	Error	3
err	Error	22
errors	New	267
errors	Errorf	31
errors	WithMessage	10
field	Set	11
field	TagSettingsSet	11
field	Type	4
field	SetUint	3
fieldType	Kind	4
fieldValue	Set	4
fieldValue	Kind	3
file	assertMode	8
file	insertChunk	3
fmt	Errorf	213
fmt	Sprintf	77
fmt	Fprintf	34
fmt	Fprint	3
globalLogger	Output	6
globalMutex	Unlock	10
globalMutex	Lock	10
group	handle	17
group	returnObj	5
h	Helper	181
h	Write	20
h	Sum	3
handler	createResponse	7
handler	deleteChannel	5
handler	Lock	3
handler	Unlock	3
handler	serialSendAsync	3
hasher	Write	8
header	Set	3
hex	Encode	6
hex	EncodeToString	3
hmac	New	4
http	Error	4
indirectScopeValue	Kind	8
indirectScopeValue	Len	6
indirectType	Kind	3
internal	Logf	14
internal	IsRetryableError	8
internal	IsRedisError	5
internal	RetryBackoff	4
io	WriteString	13
iter	Next	10
iter	Close	3
json	Marshal	3
k	Type	5
l	Unlock	4
l	emitEvent	4
l	setState	4
l	Lock	4
l	ExecSimpleQuery	3
log	Printf	13
log	Panicf	9
log	New	5
log	Println	3
logger	releaseEntry	31
logger	IsLevelEnabled	24
logger	Exit	3
logging	SetLevel	4
logging	MustGetLogger	3
m	Unlock	4
m	sendMessage	3
magics	write	6
math	Inf	3
metricFamily	GetType	6
mockLogger	Debug	24
mockLogger	Errorf	5
msg	byteSize	3
mutex	Lock	4
n	Sign	4
net	JoinHostPort	3
netConn	Close	7
newScope	PrimaryKeyZero	3
om	releaseCoordinator	5
om	fetchInitialOffset	4
om	releasePOMs	3
opt	init	5
os	IsNotExist	3
out	Set	10
out	Kind	5
out	SetInt	5
out	OverflowInt	4
out	SetUint	4
out	SetFloat	4
out	OverflowUint	4
out	CanAddr	3
p	skip	10
p	returnError	6
p	expect	4
p	anchor	3
pe	putInt32	32
pe	putInt16	25
pe	putInt64	13
pe	putInt8	8
pe	push	6
pe	pop	5
pe	putBool	3
pom	handleError	5
proto	Float64	9
proto	String	5
psum	Write	3
pubsub	init	3
r	next	3
reflect	TypeOf	22
reflect	DeepEqual	6
reflectType	Kind	4
reflectValue	Kind	4
regexp	MustCompile	11
result	init	4
results	Set	3
resultsValue	Len	4
rows	Close	3
rows	Next	3
s	log	22
s	fieldCanAutoIncrement	12
s	Flag	6
s	AddError	5
s	XORKeyStream	4
s	print	3
s	updateConditionMap	3
s	Run	3
s	unsetSocket	3
scanner	RedisScan	3
scanner	Scan	3
scope	Err	62
scope	HasError	19
scope	CallMethod	11
scope	Fields	10
scope	Quote	9
scope	GetModelStruct	9
scope	InstanceSet	8
scope	IndirectValue	6
scope	changeableField	6
scope	Raw	5
scope	callCallbacks	5
scope	trace	5
scope	New	5
scope	NewDB	4
scope	prepareQuerySQL	4
scope	updatedAttrsWithValues	4
scope	PrimaryKeyZero	3
scope	scan	3
scope	TableName	3
scope	QuotedTableName	3
sent	eachPartition	4
server	Unlock	13
server	Lock	8
server	Close	3
session	Close	6
session	SetMode	5
session	prepareQuery	4
shard	IsDown	4
socket	Unlock	28
socket	Lock	20
socket	Release	13
socket	kill	9
socket	dropAuth	5
socket	ServerInfo	3
socket	loginRun	3
socket	updateDeadline	3
sort	Sort	16
sort	Strings	12
st	String	4
st	exec	3
stats	socketRefs	3
stats	conn	3
statsMutex	Unlock	11
statsMutex	Lock	11
strconv	Itoa	9
strconv	ParseUint	5
strconv	FormatInt	3
strings	HasPrefix	27
strings	Join	21
strings	Contains	14
strings	Split	10
strings	ToLower	10
strings	Index	7
strings	EqualFold	6
strings	HasSuffix	5
strings	TrimSpace	5
stub	MockTransactionStart	3
stub	MockTransactionEnd	3
subtle	ConstantTimeCompare	8
t	Kind	5
t	Len	4
t	printPacket	4
t	requestKeyExchange	4
t	Year	4
t	setModReq	3
ticker	Stop	3
time	Duration	27
time	Sleep	24
time	Now	5
time	Unix	3
timer	Stop	5
u	returnError	9
unicode	IsSpace	3
utf8	ValidString	6
v	Set	7
v	Kind	5
v	Add	3
v	Len	3
v	NumField	3
vErr	valid	3
value	Kind	7
values	Encode	6
values	Len	3
w	int32	8
w	string	7
w	endMessage	4
w	Write	4
w	byte	3
w	Broadcast	3
w	WriteHeaderNow	3
wg	Add	10
wg	Done	9
wg	Wait	9
